packet_num,index,time,ax0,ay0,az0,ax1,ay1,az1
0,0,1500369,25000,25000,25000,25000,25000,25000
0,1,1500428,25000,25000,25000,25000,25000,25000
0,2,1500486,25000,25000,25000,25000,25000,25000
0,3,1511021,25000,25000,25000,25000,25000,25000
0,4,1511079,25000,25000,25000,25000,25000,25000
0,5,1511137,25000,25000,25000,25000,25000,25000
0,6,1511196,25000,25000,25000,25000,25000,25000
0,7,1511254,25000,25000,25000,25000,25000,25000
0,8,1521723,25000,25000,25000,25000,25000,25000
0,9,1521784,25000,25000,25000,25000,25000,25000
0,10,1521842,25000,25000,25000,25000,25000,25000
0,11,1521901,25000,25000,25000,25000,25000,25000
0,12,1521959,25000,25000,25000,25000,25000,25000
0,13,1532488,25000,25000,25000,25000,25000,25000
0,14,1532546,25000,25000,25000,25000,25000,25000
0,15,1532605,25000,25000,25000,25000,25000,25000
0,16,1532663,25000,25000,25000,25000,25000,25000
0,17,1543133,25000,25000,25000,25000,25000,25000
0,18,1543191,25000,25000,25000,25000,25000,25000
0,19,1543250,25000,25000,25000,25000,25000,25000
0,20,1543316,25000,25000,25000,25000,25000,25000
0,21,1543374,25000,25000,25000,25000,25000,25000
0,22,1553839,25000,25000,25000,25000,25000,25000
0,23,1553898,25000,25000,25000,25000,25000,25000
0,24,1553956,25000,25000,25000,25000,25000,25000
0,25,1554014,25000,25000,25000,25000,25000,25000
0,26,1554073,25000,25000,25000,25000,25000,25000
0,27,1564601,25000,25000,25000,25000,25000,25000
0,28,1564659,25000,25000,25000,25000,25000,25000
0,29,1564717,25000,25000,25000,25000,25000,25000
0,30,1564776,25000,25000,25000,25000,25000,25000
0,31,1575248,25000,25000,25000,25000,25000,25000
0,32,1575314,25000,25000,25000,25000,25000,25000
0,33,1575372,25000,25000,25000,25000,25000,25000
0,34,1575430,25000,25000,25000,25000,25000,25000
0,35,1575489,25000,25000,25000,25000,25000,25000
0,36,1585939,25000,25000,25000,25000,25000,25000
0,37,1585998,25000,25000,25000,25000,25000,25000
0,38,1586056,25000,25000,25000,25000,25000,25000
0,39,1586114,25000,25000,25000,25000,25000,25000
0,40,1586173,25000,25000,25000,25000,25000,25000
0,41,1596629,25000,25000,25000,25000,25000,25000
0,42,1596687,25000,25000,25000,25000,25000,25000
0,43,1596745,25000,25000,25000,25000,25000,25000
0,44,1596806,25000,25000,25000,25000,25000,25000
0,45,1607262,25000,25000,25000,25000,25000,25000
0,46,1607329,25000,25000,25000,25000,25000,25000
0,47,1607387,25000,25000,25000,25000,25000,25000
0,48,1607445,25000,25000,25000,25000,25000,25000
0,49,1607504,25000,25000,25000,25000,25000,25000
0,50,1617952,25000,25000,25000,25000,25000,25000
0,51,1618010,25000,25000,25000,25000,25000,25000
0,52,1618069,25000,25000,25000,25000,25000,25000
0,53,1618127,25000,25000,25000,25000,25000,25000
0,54,1618185,25000,25000,25000,25000,25000,25000
0,55,1628657,25000,25000,25000,25000,25000,25000
0,56,1628715,25000,25000,25000,25000,25000,25000
0,57,1628773,25000,25000,25000,25000,25000,25000
0,58,1628832,25000,25000,25000,25000,25000,25000
0,59,1639298,25000,25000,25000,25000,25000,25000
0,60,1639357,25000,25000,25000,25000,25000,25000
0,61,1639415,25000,25000,25000,25000,25000,25000
0,62,1639473,25000,25000,25000,25000,25000,25000
0,63,1639532,25000,25000,25000,25000,25000,25000
0,64,1649980,25000,25000,25000,25000,25000,25000
0,65,1650039,25000,25000,25000,25000,25000,25000
0,66,1650097,25000,25000,25000,25000,25000,25000
0,67,1650155,25000,25000,25000,25000,25000,25000
0,68,1650214,25000,25000,25000,25000,25000,25000
0,69,1660685,25000,25000,25000,25000,25000,25000
0,70,1660743,25000,25000,25000,25000,25000,25000
0,71,1660802,25000,25000,25000,25000,25000,25000
0,72,1660860,25000,25000,25000,25000,25000,25000
0,73,1660919,25000,25000,25000,25000,25000,25000
0,74,1671448,25000,25000,25000,25000,25000,25000
0,75,1671506,25000,25000,25000,25000,25000,25000
0,76,1671565,25000,25000,25000,25000,25000,25000
0,77,1671623,25000,25000,25000,25000,25000,25000
0,78,1682095,25000,25000,25000,25000,25000,25000
0,79,1682153,25000,25000,25000,25000,25000,25000
0,80,1682211,25000,25000,25000,25000,25000,25000
0,81,1682270,25000,25000,25000,25000,25000,25000
0,82,1682336,25000,25000,25000,25000,25000,25000
0,83,1692800,25000,25000,25000,25000,25000,25000
0,84,1692858,25000,25000,25000,25000,25000,25000
0,85,1692917,25000,25000,25000,25000,25000,25000
0,86,1692975,25000,25000,25000,25000,25000,25000
0,87,1693033,25000,25000,25000,25000,25000,25000
0,88,1703565,25000,25000,25000,25000,25000,25000
0,89,1703624,25000,25000,25000,25000,25000,25000
0,90,1703682,25000,25000,25000,25000,25000,25000
0,91,1703740,25000,25000,25000,25000,25000,25000
0,92,1714210,25000,25000,25000,25000,25000,25000
0,93,1714268,25000,25000,25000,25000,25000,25000
0,94,1714334,25000,25000,25000,25000,25000,25000
0,95,1714392,25000,25000,25000,25000,25000,25000
0,96,1714451,25000,25000,25000,25000,25000,25000
0,97,1724901,25000,25000,25000,25000,25000,25000
0,98,1724959,25000,25000,25000,25000,25000,25000
0,99,1725018,25000,25000,25000,25000,25000,25000
0,100,1725076,25000,25000,25000,25000,25000,25000
0,101,1725134,25000,25000,25000,25000,25000,25000
0,102,1735591,25000,25000,25000,25000,25000,25000
0,103,1735649,25000,25000,25000,25000,25000,25000
0,104,1735707,25000,25000,25000,25000,25000,25000
0,105,1735766,25000,25000,25000,25000,25000,25000
0,106,1746238,25000,25000,25000,25000,25000,25000
0,107,1746304,25000,25000,25000,25000,25000,25000
0,108,1746362,25000,25000,25000,25000,25000,25000
0,109,1746421,25000,25000,25000,25000,25000,25000
0,110,1746479,25000,25000,25000,25000,25000,25000
0,111,1756929,25000,25000,25000,25000,25000,25000
0,112,1756988,25000,25000,25000,25000,25000,25000
0,113,1757046,25000,25000,25000,25000,25000,25000
0,114,1757104,25000,25000,25000,25000,25000,25000
0,115,1757162,25000,25000,25000,25000,25000,25000
0,116,1767619,25000,25000,25000,25000,25000,25000
0,117,1767677,25000,25000,25000,25000,25000,25000
0,118,1767735,25000,25000,25000,25000,25000,25000
0,119,1767795,25000,25000,25000,25000,25000,25000
0,120,1778252,25000,25000,25000,25000,25000,25000
0,121,1778319,25000,25000,25000,25000,25000,25000
0,122,1778377,25000,25000,25000,25000,25000,25000
0,123,1778435,25000,25000,25000,25000,25000,25000
0,124,1778493,25000,25000,25000,25000,25000,25000
0,125,1788942,25000,25000,25000,25000,25000,25000
0,126,1789000,25000,25000,25000,25000,25000,25000
0,127,1789059,25000,25000,25000,25000,25000,25000
0,128,1789117,25000,25000,25000,25000,25000,25000
0,129,1789175,25000,25000,25000,25000,25000,25000
0,130,1799647,25000,25000,25000,25000,25000,25000
0,131,1799705,25000,25000,25000,25000,25000,25000
0,132,1799763,25000,25000,25000,25000,25000,25000
0,133,1799824,25000,25000,25000,25000,25000,25000
0,134,1810288,25000,25000,25000,25000,25000,25000
0,135,1810347,25000,25000,25000,25000,25000,25000
0,136,1810405,25000,25000,25000,25000,25000,25000
0,137,1810463,25000,25000,25000,25000,25000,25000
0,138,1810521,25000,25000,25000,25000,25000,25000
0,139,1820970,25000,25000,25000,25000,25000,25000
0,140,1821029,25000,25000,25000,25000,25000,25000
0,141,1821087,25000,25000,25000,25000,25000,25000
0,142,1821145,25000,25000,25000,25000,25000,25000
0,143,1821203,25000,25000,25000,25000,25000,25000
0,144,1831675,25000,25000,25000,25000,25000,25000
0,145,1831733,25000,25000,25000,25000,25000,25000
0,146,1831795,25000,25000,25000,25000,25000,25000
0,147,1831853,25000,25000,25000,25000,25000,25000
0,148,1831911,25000,25000,25000,25000,25000,25000
0,149,1842438,25000,25000,25000,25000,25000,25000
0,150,1842496,25000,25000,25000,25000,25000,25000
0,151,1842554,25000,25000,25000,25000,25000,25000
0,152,1842613,25000,25000,25000,25000,25000,25000
0,153,1853085,25000,25000,25000,25000,25000,25000
0,154,1853143,25000,25000,25000,25000,25000,25000
0,155,1853201,25000,25000,25000,25000,25000,25000
0,156,1853260,25000,25000,25000,25000,25000,25000
0,157,1853326,25000,25000,25000,25000,25000,25000
0,158,1863792,25000,25000,25000,25000,25000,25000
0,159,1863850,25000,25000,25000,25000,25000,25000
0,160,1863908,25000,25000,25000,25000,25000,25000
0,161,1863967,25000,25000,25000,25000,25000,25000
0,162,1864025,25000,25000,25000,25000,25000,25000
0,163,1874560,25000,25000,25000,25000,25000,25000
0,164,1874618,25000,25000,25000,25000,25000,25000
0,165,1874676,25000,25000,25000,25000,25000,25000
0,166,1874735,25000,25000,25000,25000,25000,25000
0,167,1885199,25000,25000,25000,25000,25000,25000
0,168,1885258,25000,25000,25000,25000,25000,25000
0,169,1885324,25000,25000,25000,25000,25000,25000
0,170,1885382,25000,25000,25000,25000,25000,25000
0,171,1885440,25000,25000,25000,25000,25000,25000
0,172,1895891,25000,25000,25000,25000,25000,25000
0,173,1895949,25000,25000,25000,25000,25000,25000
0,174,1896008,25000,25000,25000,25000,25000,25000
0,175,1896066,25000,25000,25000,25000,25000,25000
0,176,1896124,25000,25000,25000,25000,25000,25000
0,177,1906580,25000,25000,25000,25000,25000,25000
0,178,1906639,25000,25000,25000,25000,25000,25000
0,179,1906697,25000,25000,25000,25000,25000,25000
0,180,1906755,25000,25000,25000,25000,25000,25000
0,181,1917227,25000,25000,25000,25000,25000,25000
0,182,1917293,25000,25000,25000,25000,25000,25000
0,183,1917352,25000,25000,25000,25000,25000,25000
0,184,1917410,25000,25000,25000,25000,25000,25000
0,185,1917468,25000,25000,25000,25000,25000,25000
0,186,1927922,25000,25000,25000,25000,25000,25000
0,187,1927981,25000,25000,25000,25000,25000,25000
0,188,1928039,25000,25000,25000,25000,25000,25000
0,189,1928097,25000,25000,25000,25000,25000,25000
0,190,1928156,25000,25000,25000,25000,25000,25000
0,191,1938608,25000,25000,25000,25000,25000,25000
0,192,1938667,25000,25000,25000,25000,25000,25000
0,193,1938725,25000,25000,25000,25000,25000,25000
0,194,1938786,25000,25000,25000,25000,25000,25000
0,195,1949242,25000,25000,25000,25000,25000,25000
0,196,1949308,25000,25000,25000,25000,25000,25000
0,197,1949366,25000,25000,25000,25000,25000,25000
0,198,1949425,25000,25000,25000,25000,25000,25000
0,199,1949483,25000,25000,25000,25000,25000,25000
0,200,1959932,25000,25000,25000,25000,25000,25000
0,201,1959990,25000,25000,25000,25000,25000,25000
0,202,1960048,25000,25000,25000,25000,25000,25000
0,203,1960107,25000,25000,25000,25000,25000,25000
0,204,1960165,25000,25000,25000,25000,25000,25000
0,205,1970636,25000,25000,25000,25000,25000,25000
0,206,1970695,25000,25000,25000,25000,25000,25000
0,207,1970753,25000,25000,25000,25000,25000,25000
0,208,1970813,25000,25000,25000,25000,25000,25000
0,209,1981270,25000,25000,25000,25000,25000,25000
0,210,1981336,25000,25000,25000,25000,25000,25000
0,211,1981394,25000,25000,25000,25000,25000,25000
0,212,1981453,25000,25000,25000,25000,25000,25000
0,213,1981511,25000,25000,25000,25000,25000,25000
0,214,1991960,25000,25000,25000,25000,25000,25000
0,215,1992018,25000,25000,25000,25000,25000,25000
0,216,1992077,25000,25000,25000,25000,25000,25000
0,217,1992135,25000,25000,25000,25000,25000,25000
0,218,1992193,25000,25000,25000,25000,25000,25000
0,219,2002664,25000,25000,25000,25000,25000,25000
0,220,2002723,25000,25000,25000,25000,25000,25000
0,221,2002785,25000,25000,25000,25000,25000,25000
0,222,2002843,25000,25000,25000,25000,25000,25000
0,223,2002901,25000,25000,25000,25000,25000,25000
0,224,2013435,25000,25000,25000,25000,25000,25000
0,225,2013494,25000,25000,25000,25000,25000,25000
0,226,2013552,25000,25000,25000,25000,25000,25000
0,227,2013610,25000,25000,25000,25000,25000,25000
0,228,2024074,25000,25000,25000,25000,25000,25000
0,229,2024133,25000,25000,25000,25000,25000,25000
0,230,2024191,25000,25000,25000,25000,25000,25000
0,231,2024249,25000,25000,25000,25000,25000,25000
0,232,2024316,25000,25000,25000,25000,25000,25000
0,233,2034779,25000,25000,25000,25000,25000,25000
0,234,2034838,25000,25000,25000,25000,25000,25000
0,235,2034896,25000,25000,25000,25000,25000,25000
0,236,2034954,25000,25000,25000,25000,25000,25000
0,237,2035013,25000,25000,25000,25000,25000,25000
0,238,2045550,25000,25000,25000,25000,25000,25000
0,239,2045608,25000,25000,25000,25000,25000,25000
0,240,2045667,25000,25000,25000,25000,25000,25000
0,241,2045725,25000,25000,25000,25000,25000,25000
0,242,2056189,25000,25000,25000,25000,25000,25000
0,243,2056248,25000,25000,25000,25000,25000,25000
0,244,2056313,25000,25000,25000,25000,25000,25000
0,245,2056372,25000,25000,25000,25000,25000,25000
0,246,2056430,25000,25000,25000,25000,25000,25000
0,247,2066881,25000,25000,25000,25000,25000,25000
0,248,2066939,25000,25000,25000,25000,25000,25000
0,249,2066997,25000,25000,25000,25000,25000,25000
0,250,2067056,25000,25000,25000,25000,25000,25000
0,251,2067114,25000,25000,25000,25000,25000,25000
0,252,2077570,25000,25000,25000,25000,25000,25000
0,253,2077629,25000,25000,25000,25000,25000,25000
0,254,2077687,25000,25000,25000,25000,25000,25000
0,255,2077745,25000,25000,25000,25000,25000,25000
1,0,1500369,25000,25000,25000,25000,25000,25000
1,1,1500428,25000,25000,25000,25000,25000,25000
1,2,1500486,25000,25000,25000,25000,25000,25000
1,3,1511021,25000,25000,25000,25000,25000,25000
1,4,1511079,25000,25000,25000,25000,25000,25000
1,5,1511137,25000,25000,25000,25000,25000,25000
1,6,1511196,25000,25000,25000,25000,25000,25000
1,7,1511254,25000,25000,25000,25000,25000,25000
1,8,1521723,25000,25000,25000,25000,25000,25000
1,9,1521784,25000,25000,25000,25000,25000,25000
1,10,1521842,25000,25000,25000,25000,25000,25000
1,11,1521901,25000,25000,25000,25000,25000,25000
1,12,1521959,25000,25000,25000,25000,25000,25000
1,13,1532488,25000,25000,25000,25000,25000,25000
1,14,1532546,25000,25000,25000,25000,25000,25000
1,15,1532605,25000,25000,25000,25000,25000,25000
1,16,1532663,25000,25000,25000,25000,25000,25000
1,17,1543133,25000,25000,25000,25000,25000,25000
1,18,1543191,25000,25000,25000,25000,25000,25000
1,19,1543250,25000,25000,25000,25000,25000,25000
1,20,1543316,25000,25000,25000,25000,25000,25000
1,21,1543374,25000,25000,25000,25000,25000,25000
1,22,1553839,25000,25000,25000,25000,25000,25000
1,23,1553898,25000,25000,25000,25000,25000,25000
1,24,1553956,25000,25000,25000,25000,25000,25000
1,25,1554014,25000,25000,25000,25000,25000,25000
1,26,1554073,25000,25000,25000,25000,25000,25000
1,27,1564601,25000,25000,25000,25000,25000,25000
1,28,1564659,25000,25000,25000,25000,25000,25000
1,29,1564717,25000,25000,25000,25000,25000,25000
1,30,1564776,25000,25000,25000,25000,25000,25000
1,31,1575248,25000,25000,25000,25000,25000,25000
1,32,1575314,25000,25000,25000,25000,25000,25000
1,33,1575372,25000,25000,25000,25000,25000,25000
1,34,1575430,25000,25000,25000,25000,25000,25000
1,35,1575489,25000,25000,25000,25000,25000,25000
1,36,1585939,25000,25000,25000,25000,25000,25000
1,37,1585998,25000,25000,25000,25000,25000,25000
1,38,1586056,25000,25000,25000,25000,25000,25000
1,39,1586114,25000,25000,25000,25000,25000,25000
1,40,1586173,25000,25000,25000,25000,25000,25000
1,41,1596629,25000,25000,25000,25000,25000,25000
1,42,1596687,25000,25000,25000,25000,25000,25000
1,43,1596745,25000,25000,25000,25000,25000,25000
1,44,1596806,25000,25000,25000,25000,25000,25000
1,45,1607262,25000,25000,25000,25000,25000,25000
1,46,1607329,25000,25000,25000,25000,25000,25000
1,47,1607387,25000,25000,25000,25000,25000,25000
1,48,1607445,25000,25000,25000,25000,25000,25000
1,49,1607504,25000,25000,25000,25000,25000,25000
1,50,1617952,25000,25000,25000,25000,25000,25000
1,51,1618010,25000,25000,25000,25000,25000,25000
1,52,1618069,25000,25000,25000,25000,25000,25000
1,53,1618127,25000,25000,25000,25000,25000,25000
1,54,1618185,25000,25000,25000,25000,25000,25000
1,55,1628657,25000,25000,25000,25000,25000,25000
1,56,1628715,25000,25000,25000,25000,25000,25000
1,57,1628773,25000,25000,25000,25000,25000,25000
1,58,1628832,25000,25000,25000,25000,25000,25000
1,59,1639298,25000,25000,25000,25000,25000,25000
1,60,1639357,25000,25000,25000,25000,25000,25000
1,61,1639415,25000,25000,25000,25000,25000,25000
1,62,1639473,25000,25000,25000,25000,25000,25000
1,63,1639532,25000,25000,25000,25000,25000,25000
1,64,1649980,25000,25000,25000,25000,25000,25000
1,65,1650039,25000,25000,25000,25000,25000,25000
1,66,1650097,25000,25000,25000,25000,25000,25000
1,67,1650155,25000,25000,25000,25000,25000,25000
1,68,1650214,25000,25000,25000,25000,25000,25000
1,69,1660685,25000,25000,25000,25000,25000,25000
1,70,1660743,25000,25000,25000,25000,25000,25000
1,71,1660802,25000,25000,25000,25000,25000,25000
1,72,1660860,25000,25000,25000,25000,25000,25000
1,73,1660919,25000,25000,25000,25000,25000,25000
1,74,1671448,25000,25000,25000,25000,25000,25000
1,75,1671506,25000,25000,25000,25000,25000,25000
1,76,1671565,25000,25000,25000,25000,25000,25000
1,77,1671623,25000,25000,25000,25000,25000,25000
1,78,1682095,25000,25000,25000,25000,25000,25000
1,79,1682153,25000,25000,25000,25000,25000,25000
1,80,1682211,25000,25000,25000,25000,25000,25000
1,81,1682270,25000,25000,25000,25000,25000,25000
1,82,1682336,25000,25000,25000,25000,25000,25000
1,83,1692800,25000,25000,25000,25000,25000,25000
1,84,1692858,25000,25000,25000,25000,25000,25000
1,85,1692917,25000,25000,25000,25000,25000,25000
1,86,1692975,25000,25000,25000,25000,25000,25000
1,87,1693033,25000,25000,25000,25000,25000,25000
1,88,1703565,25000,25000,25000,25000,25000,25000
1,89,1703624,25000,25000,25000,25000,25000,25000
1,90,1703682,25000,25000,25000,25000,25000,25000
1,91,1703740,25000,25000,25000,25000,25000,25000
1,92,1714210,25000,25000,25000,25000,25000,25000
1,93,1714268,25000,25000,25000,25000,25000,25000
1,94,1714334,25000,25000,25000,25000,25000,25000
1,95,1714392,25000,25000,25000,25000,25000,25000
1,96,1714451,25000,25000,25000,25000,25000,25000
1,97,1724901,25000,25000,25000,25000,25000,25000
1,98,1724959,25000,25000,25000,25000,25000,25000
1,99,1725018,25000,25000,25000,25000,25000,25000
1,100,1725076,25000,25000,25000,25000,25000,25000
1,101,1725134,25000,25000,25000,25000,25000,25000
1,102,1735591,25000,25000,25000,25000,25000,25000
1,103,1735649,25000,25000,25000,25000,25000,25000
1,104,1735707,25000,25000,25000,25000,25000,25000
1,105,1735766,25000,25000,25000,25000,25000,25000
1,106,1746238,25000,25000,25000,25000,25000,25000
1,107,1746304,25000,25000,25000,25000,25000,25000
1,108,1746362,25000,25000,25000,25000,25000,25000
1,109,1746421,25000,25000,25000,25000,25000,25000
1,110,1746479,25000,25000,25000,25000,25000,25000
1,111,1756929,25000,25000,25000,25000,25000,25000
1,112,1756988,25000,25000,25000,25000,25000,25000
1,113,1757046,25000,25000,25000,25000,25000,25000
1,114,1757104,25000,25000,25000,25000,25000,25000
1,115,1757162,25000,25000,25000,25000,25000,25000
1,116,1767619,25000,25000,25000,25000,25000,25000
1,117,1767677,25000,25000,25000,25000,25000,25000
1,118,1767735,25000,25000,25000,25000,25000,25000
1,119,1767795,25000,25000,25000,25000,25000,25000
1,120,1778252,25000,25000,25000,25000,25000,25000
1,121,1778319,25000,25000,25000,25000,25000,25000
1,122,1778377,25000,25000,25000,25000,25000,25000
1,123,1778435,25000,25000,25000,25000,25000,25000
1,124,1778493,25000,25000,25000,25000,25000,25000
1,125,1788942,25000,25000,25000,25000,25000,25000
1,126,1789000,25000,25000,25000,25000,25000,25000
1,127,1789059,25000,25000,25000,25000,25000,25000
1,128,1789117,25000,25000,25000,25000,25000,25000
1,129,1789175,25000,25000,25000,25000,25000,25000
1,130,1799647,25000,25000,25000,25000,25000,25000
1,131,1799705,25000,25000,25000,25000,25000,25000
1,132,1799763,25000,25000,25000,25000,25000,25000
1,133,1799824,25000,25000,25000,25000,25000,25000
1,134,1810288,25000,25000,25000,25000,25000,25000
1,135,1810347,25000,25000,25000,25000,25000,25000
1,136,1810405,25000,25000,25000,25000,25000,25000
1,137,1810463,25000,25000,25000,25000,25000,25000
1,138,1810521,25000,25000,25000,25000,25000,25000
1,139,1820970,25000,25000,25000,25000,25000,25000
1,140,1821029,25000,25000,25000,25000,25000,25000
1,141,1821087,25000,25000,25000,25000,25000,25000
1,142,1821145,25000,25000,25000,25000,25000,25000
1,143,1821203,25000,25000,25000,25000,25000,25000
1,144,1831675,25000,25000,25000,25000,25000,25000
1,145,1831733,25000,25000,25000,25000,25000,25000
1,146,1831795,25000,25000,25000,25000,25000,25000
1,147,1831853,25000,25000,25000,25000,25000,25000
1,148,1831911,25000,25000,25000,25000,25000,25000
1,149,1842438,25000,25000,25000,25000,25000,25000
1,150,1842496,25000,25000,25000,25000,25000,25000
1,151,1842554,25000,25000,25000,25000,25000,25000
1,152,1842613,25000,25000,25000,25000,25000,25000
1,153,1853085,25000,25000,25000,25000,25000,25000
1,154,1853143,25000,25000,25000,25000,25000,25000
1,155,1853201,25000,25000,25000,25000,25000,25000
1,156,1853260,25000,25000,25000,25000,25000,25000
1,157,1853326,25000,25000,25000,25000,25000,25000
1,158,1863792,25000,25000,25000,25000,25000,25000
1,159,1863850,25000,25000,25000,25000,25000,25000
1,160,1863908,25000,25000,25000,25000,25000,25000
1,161,1863967,25000,25000,25000,25000,25000,25000
1,162,1864025,25000,25000,25000,25000,25000,25000
1,163,1874560,25000,25000,25000,25000,25000,25000
1,164,1874618,25000,25000,25000,25000,25000,25000
1,165,1874676,25000,25000,25000,25000,25000,25000
1,166,1874735,25000,25000,25000,25000,25000,25000
1,167,1885199,25000,25000,25000,25000,25000,25000
1,168,1885258,25000,25000,25000,25000,25000,25000
1,169,1885324,25000,25000,25000,25000,25000,25000
1,170,1885382,25000,25000,25000,25000,25000,25000
1,171,1885440,25000,25000,25000,25000,25000,25000
1,172,1895891,25000,25000,25000,25000,25000,25000
1,173,1895949,25000,25000,25000,25000,25000,25000
1,174,1896008,25000,25000,25000,25000,25000,25000
1,175,1896066,25000,25000,25000,25000,25000,25000
1,176,1896124,25000,25000,25000,25000,25000,25000
1,177,1906580,25000,25000,25000,25000,25000,25000
1,178,1906639,25000,25000,25000,25000,25000,25000
1,179,1906697,25000,25000,25000,25000,25000,25000
1,180,1906755,25000,25000,25000,25000,25000,25000
1,181,1917227,25000,25000,25000,25000,25000,25000
1,182,1917293,25000,25000,25000,25000,25000,25000
1,183,1917352,25000,25000,25000,25000,25000,25000
1,184,1917410,25000,25000,25000,25000,25000,25000
1,185,1917468,25000,25000,25000,25000,25000,25000
1,186,1927922,25000,25000,25000,25000,25000,25000
1,187,1927981,25000,25000,25000,25000,25000,25000
1,188,1928039,25000,25000,25000,25000,25000,25000
1,189,1928097,25000,25000,25000,25000,25000,25000
1,190,1928156,25000,25000,25000,25000,25000,25000
1,191,1938608,25000,25000,25000,25000,25000,25000
1,192,1938667,25000,25000,25000,25000,25000,25000
1,193,1938725,25000,25000,25000,25000,25000,25000
1,194,1938786,25000,25000,25000,25000,25000,25000
1,195,1949242,25000,25000,25000,25000,25000,25000
1,196,1949308,25000,25000,25000,25000,25000,25000
1,197,1949366,25000,25000,25000,25000,25000,25000
1,198,1949425,25000,25000,25000,25000,25000,25000
1,199,1949483,25000,25000,25000,25000,25000,25000
1,200,1959932,25000,25000,25000,25000,25000,25000
1,201,1959990,25000,25000,25000,25000,25000,25000
1,202,1960048,25000,25000,25000,25000,25000,25000
1,203,1960107,25000,25000,25000,25000,25000,25000
1,204,1960165,25000,25000,25000,25000,25000,25000
1,205,1970636,25000,25000,25000,25000,25000,25000
1,206,1970695,25000,25000,25000,25000,25000,25000
1,207,1970753,25000,25000,25000,25000,25000,25000
1,208,1970813,25000,25000,25000,25000,25000,25000
1,209,1981270,25000,25000,25000,25000,25000,25000
1,210,1981336,25000,25000,25000,25000,25000,25000
1,211,1981394,25000,25000,25000,25000,25000,25000
1,212,1981453,25000,25000,25000,25000,25000,25000
1,213,1981511,25000,25000,25000,25000,25000,25000
1,214,1991960,25000,25000,25000,25000,25000,25000
1,215,1992018,25000,25000,25000,25000,25000,25000
1,216,1992077,25000,25000,25000,25000,25000,25000
1,217,1992135,25000,25000,25000,25000,25000,25000
1,218,1992193,25000,25000,25000,25000,25000,25000
1,219,2002664,25000,25000,25000,25000,25000,25000
1,220,2002723,25000,25000,25000,25000,25000,25000
1,221,2002785,25000,25000,25000,25000,25000,25000
1,222,2002843,25000,25000,25000,25000,25000,25000
1,223,2002901,25000,25000,25000,25000,25000,25000
1,224,2013435,25000,25000,25000,25000,25000,25000
1,225,2013494,25000,25000,25000,25000,25000,25000
1,226,2013552,25000,25000,25000,25000,25000,25000
1,227,2013610,25000,25000,25000,25000,25000,25000
1,228,2024074,25000,25000,25000,25000,25000,25000
1,229,2024133,25000,25000,25000,25000,25000,25000
1,230,2024191,25000,25000,25000,25000,25000,25000
1,231,2024249,25000,25000,25000,25000,25000,25000
1,232,2024316,25000,25000,25000,25000,25000,25000
1,233,2034779,25000,25000,25000,25000,25000,25000
1,234,2034838,25000,25000,25000,25000,25000,25000
1,235,2034896,25000,25000,25000,25000,25000,25000
1,236,2034954,25000,25000,25000,25000,25000,25000
1,237,2035013,25000,25000,25000,25000,25000,25000
1,238,2045550,25000,25000,25000,25000,25000,25000
1,239,2045608,25000,25000,25000,25000,25000,25000
1,240,2045667,25000,25000,25000,25000,25000,25000
1,241,2045725,25000,25000,25000,25000,25000,25000
1,242,2056189,25000,25000,25000,25000,25000,25000
1,243,2056248,25000,25000,25000,25000,25000,25000
1,244,2056313,25000,25000,25000,25000,25000,25000
1,245,2056372,25000,25000,25000,25000,25000,25000
1,246,2056430,25000,25000,25000,25000,25000,25000
1,247,2066881,25000,25000,25000,25000,25000,25000
1,248,2066939,25000,25000,25000,25000,25000,25000
1,249,2066997,25000,25000,25000,25000,25000,25000
1,250,2067056,25000,25000,25000,25000,25000,25000
1,251,2067114,25000,25000,25000,25000,25000,25000
1,252,2077570,25000,25000,25000,25000,25000,25000
1,253,2077629,25000,25000,25000,25000,25000,25000
1,254,2077687,25000,25000,25000,25000,25000,25000
1,255,2077745,25000,25000,25000,25000,25000,25000
2,0,2678109,25000,25000,25000,25000,25000,25000
2,1,2678168,25000,25000,25000,25000,25000,25000
2,2,2688639,25000,25000,25000,25000,25000,25000
2,3,2688697,25000,25000,25000,25000,25000,25000
2,4,2688756,25000,25000,25000,25000,25000,25000
2,5,2688815,25000,25000,25000,25000,25000,25000
2,6,2688874,25000,25000,25000,25000,25000,25000
2,7,2699405,25000,25000,25000,25000,25000,25000
2,8,2699463,25000,25000,25000,25000,25000,25000
2,9,2699522,25000,25000,25000,25000,25000,25000
2,10,2699580,25000,25000,25000,25000,25000,25000
2,11,2710049,25000,25000,25000,25000,25000,25000
2,12,2710107,25000,25000,25000,25000,25000,25000
2,13,2710166,25000,25000,25000,25000,25000,25000
2,14,2710224,25000,25000,25000,25000,25000,25000
2,15,2710291,25000,25000,25000,25000,25000,25000
2,16,2720741,25000,25000,25000,25000,25000,25000
2,17,2720800,25000,25000,25000,25000,25000,25000
2,18,2720858,25000,25000,25000,25000,25000,25000
2,19,2720917,25000,25000,25000,25000,25000,25000
2,20,2720975,25000,25000,25000,25000,25000,25000
2,21,2731436,25000,25000,25000,25000,25000,25000
2,22,2731494,25000,25000,25000,25000,25000,25000
2,23,2731553,25000,25000,25000,25000,25000,25000
2,24,2731611,25000,25000,25000,25000,25000,25000
2,25,2742077,25000,25000,25000,25000,25000,25000
2,26,2742135,25000,25000,25000,25000,25000,25000
2,27,2742194,25000,25000,25000,25000,25000,25000
2,28,2742252,25000,25000,25000,25000,25000,25000
2,29,2742319,25000,25000,25000,25000,25000,25000
2,30,2752769,25000,25000,25000,25000,25000,25000
2,31,2752829,25000,25000,25000,25000,25000,25000
2,32,2752887,25000,25000,25000,25000,25000,25000
2,33,2752945,25000,25000,25000,25000,25000,25000
2,34,2753004,25000,25000,25000,25000,25000,25000
2,35,2763458,25000,25000,25000,25000,25000,25000
2,36,2763517,25000,25000,25000,25000,25000,25000
2,37,2763575,25000,25000,25000,25000,25000,25000
2,38,2763633,25000,25000,25000,25000,25000,25000
2,39,2774092,25000,25000,25000,25000,25000,25000
2,40,2774150,25000,25000,25000,25000,25000,25000
2,41,2774208,25000,25000,25000,25000,25000,25000
2,42,2774267,25000,25000,25000,25000,25000,25000
2,43,2774333,25000,25000,25000,25000,25000,25000
2,44,2784783,25000,25000,25000,25000,25000,25000
2,45,2784842,25000,25000,25000,25000,25000,25000
2,46,2784900,25000,25000,25000,25000,25000,25000
2,47,2784958,25000,25000,25000,25000,25000,25000
2,48,2785017,25000,25000,25000,25000,25000,25000
2,49,2795488,25000,25000,25000,25000,25000,25000
2,50,2795547,25000,25000,25000,25000,25000,25000
2,51,2795605,25000,25000,25000,25000,25000,25000
2,52,2795663,25000,25000,25000,25000,25000,25000
2,53,2806120,25000,25000,25000,25000,25000,25000
2,54,2806178,25000,25000,25000,25000,25000,25000
2,55,2806236,25000,25000,25000,25000,25000,25000
2,56,2806303,25000,25000,25000,25000,25000,25000
2,57,2806361,25000,25000,25000,25000,25000,25000
2,58,2816813,25000,25000,25000,25000,25000,25000
2,59,2816871,25000,25000,25000,25000,25000,25000
2,60,2816930,25000,25000,25000,25000,25000,25000
2,61,2816988,25000,25000,25000,25000,25000,25000
2,62,2817046,25000,25000,25000,25000,25000,25000
2,63,2827522,25000,25000,25000,25000,25000,25000
2,64,2827581,25000,25000,25000,25000,25000,25000
2,65,2827639,25000,25000,25000,25000,25000,25000
2,66,2827697,25000,25000,25000,25000,25000,25000
2,67,2827756,25000,25000,25000,25000,25000,25000
2,68,2838285,25000,25000,25000,25000,25000,25000
2,69,2838344,25000,25000,25000,25000,25000,25000
2,70,2838402,25000,25000,25000,25000,25000,25000
2,71,2838460,25000,25000,25000,25000,25000,25000
2,72,2848924,25000,25000,25000,25000,25000,25000
2,73,2848983,25000,25000,25000,25000,25000,25000
2,74,2849041,25000,25000,25000,25000,25000,25000
2,75,2849099,25000,25000,25000,25000,25000,25000
2,76,2849158,25000,25000,25000,25000,25000,25000
2,77,2859629,25000,25000,25000,25000,25000,25000
2,78,2859687,25000,25000,25000,25000,25000,25000
2,79,2859746,25000,25000,25000,25000,25000,25000
2,80,2859806,25000,25000,25000,25000,25000,25000
2,81,2859865,25000,25000,25000,25000,25000,25000
2,82,2870395,25000,25000,25000,25000,25000,25000
2,83,2870453,25000,25000,25000,25000,25000,25000
2,84,2870511,25000,25000,25000,25000,25000,25000
2,85,2870570,25000,25000,25000,25000,25000,25000
2,86,2881039,25000,25000,25000,25000,25000,25000
2,87,2881097,25000,25000,25000,25000,25000,25000
2,88,2881156,25000,25000,25000,25000,25000,25000
2,89,2881214,25000,25000,25000,25000,25000,25000
2,90,2881272,25000,25000,25000,25000,25000,25000
2,91,2891730,25000,25000,25000,25000,25000,25000
2,92,2891789,25000,25000,25000,25000,25000,25000
2,93,2891847,25000,25000,25000,25000,25000,25000
2,94,2891906,25000,25000,25000,25000,25000,25000
2,95,2891964,25000,25000,25000,25000,25000,25000
2,96,2902426,25000,25000,25000,25000,25000,25000
2,97,2902484,25000,25000,25000,25000,25000,25000
2,98,2902542,25000,25000,25000,25000,25000,25000
2,99,2902601,25000,25000,25000,25000,25000,25000
2,100,2913067,25000,25000,25000,25000,25000,25000
2,101,2913125,25000,25000,25000,25000,25000,25000
2,102,2913184,25000,25000,25000,25000,25000,25000
2,103,2913242,25000,25000,25000,25000,25000,25000
2,104,2913308,25000,25000,25000,25000,25000,25000
2,105,2923758,25000,25000,25000,25000,25000,25000
2,106,2923817,25000,25000,25000,25000,25000,25000
2,107,2923876,25000,25000,25000,25000,25000,25000
2,108,2923934,25000,25000,25000,25000,25000,25000
2,109,2923992,25000,25000,25000,25000,25000,25000
2,110,2934448,25000,25000,25000,25000,25000,25000
2,111,2934507,25000,25000,25000,25000,25000,25000
2,112,2934565,25000,25000,25000,25000,25000,25000
2,113,2934623,25000,25000,25000,25000,25000,25000
2,114,2945081,25000,25000,25000,25000,25000,25000
2,115,2945140,25000,25000,25000,25000,25000,25000
2,116,2945198,25000,25000,25000,25000,25000,25000
2,117,2945256,25000,25000,25000,25000,25000,25000
2,118,2945323,25000,25000,25000,25000,25000,25000
2,119,2955771,25000,25000,25000,25000,25000,25000
2,120,2955830,25000,25000,25000,25000,25000,25000
2,121,2955888,25000,25000,25000,25000,25000,25000
2,122,2955947,25000,25000,25000,25000,25000,25000
2,123,2956005,25000,25000,25000,25000,25000,25000
2,124,2966478,25000,25000,25000,25000,25000,25000
2,125,2966536,25000,25000,25000,25000,25000,25000
2,126,2966595,25000,25000,25000,25000,25000,25000
2,127,2966653,25000,25000,25000,25000,25000,25000
2,128,2977109,25000,25000,25000,25000,25000,25000
2,129,2977168,25000,25000,25000,25000,25000,25000
2,130,2977226,25000,25000,25000,25000,25000,25000
2,131,2977293,25000,25000,25000,25000,25000,25000
2,132,2977351,25000,25000,25000,25000,25000,25000
2,133,2987799,25000,25000,25000,25000,25000,25000
2,134,2987858,25000,25000,25000,25000,25000,25000
2,135,2987916,25000,25000,25000,25000,25000,25000
2,136,2987975,25000,25000,25000,25000,25000,25000
2,137,2988033,25000,25000,25000,25000,25000,25000
2,138,2998512,25000,25000,25000,25000,25000,25000
2,139,2998570,25000,25000,25000,25000,25000,25000
2,140,2998629,25000,25000,25000,25000,25000,25000
2,141,2998687,25000,25000,25000,25000,25000,25000
2,142,2998746,25000,25000,25000,25000,25000,25000
2,143,3009267,25000,25000,25000,25000,25000,25000
2,144,3009334,25000,25000,25000,25000,25000,25000
2,145,3009392,25000,25000,25000,25000,25000,25000
2,146,3009450,25000,25000,25000,25000,25000,25000
2,147,3019914,25000,25000,25000,25000,25000,25000
2,148,3019973,25000,25000,25000,25000,25000,25000
2,149,3020031,25000,25000,25000,25000,25000,25000
2,150,3020089,25000,25000,25000,25000,25000,25000
2,151,3020148,25000,25000,25000,25000,25000,25000
2,152,3030619,25000,25000,25000,25000,25000,25000
2,153,3030677,25000,25000,25000,25000,25000,25000
2,154,3030735,25000,25000,25000,25000,25000,25000
2,155,3030795,25000,25000,25000,25000,25000,25000
2,156,3030854,25000,25000,25000,25000,25000,25000
2,157,3041384,25000,25000,25000,25000,25000,25000
2,158,3041443,25000,25000,25000,25000,25000,25000
2,159,3041501,25000,25000,25000,25000,25000,25000
2,160,3041559,25000,25000,25000,25000,25000,25000
2,161,3052029,25000,25000,25000,25000,25000,25000
2,162,3052087,25000,25000,25000,25000,25000,25000
2,163,3052146,25000,25000,25000,25000,25000,25000
2,164,3052204,25000,25000,25000,25000,25000,25000
2,165,3052262,25000,25000,25000,25000,25000,25000
2,166,3062720,25000,25000,25000,25000,25000,25000
2,167,3062779,25000,25000,25000,25000,25000,25000
2,168,3062838,25000,25000,25000,25000,25000,25000
2,169,3062896,25000,25000,25000,25000,25000,25000
2,170,3062954,25000,25000,25000,25000,25000,25000
2,171,3073418,25000,25000,25000,25000,25000,25000
2,172,3073476,25000,25000,25000,25000,25000,25000
2,173,3073535,25000,25000,25000,25000,25000,25000
2,174,3073593,25000,25000,25000,25000,25000,25000
2,175,3084057,25000,25000,25000,25000,25000,25000
2,176,3084115,25000,25000,25000,25000,25000,25000
2,177,3084173,25000,25000,25000,25000,25000,25000
2,178,3084232,25000,25000,25000,25000,25000,25000
2,179,3084298,25000,25000,25000,25000,25000,25000
2,180,3094748,25000,25000,25000,25000,25000,25000
2,181,3094808,25000,25000,25000,25000,25000,25000
2,182,3094867,25000,25000,25000,25000,25000,25000
2,183,3094925,25000,25000,25000,25000,25000,25000
2,184,3094984,25000,25000,25000,25000,25000,25000
2,185,3105446,25000,25000,25000,25000,25000,25000
2,186,3105504,25000,25000,25000,25000,25000,25000
2,187,3105562,25000,25000,25000,25000,25000,25000
2,188,3105621,25000,25000,25000,25000,25000,25000
2,189,3116071,25000,25000,25000,25000,25000,25000
2,190,3116130,25000,25000,25000,25000,25000,25000
2,191,3116188,25000,25000,25000,25000,25000,25000
2,192,3116246,25000,25000,25000,25000,25000,25000
2,193,3116313,25000,25000,25000,25000,25000,25000
2,194,3126761,25000,25000,25000,25000,25000,25000
2,195,3126822,25000,25000,25000,25000,25000,25000
2,196,3126880,25000,25000,25000,25000,25000,25000
2,197,3126938,25000,25000,25000,25000,25000,25000
2,198,3126997,25000,25000,25000,25000,25000,25000
2,199,3137467,25000,25000,25000,25000,25000,25000
2,200,3137526,25000,25000,25000,25000,25000,25000
2,201,3137584,25000,25000,25000,25000,25000,25000
2,202,3137642,25000,25000,25000,25000,25000,25000
2,203,3148099,25000,25000,25000,25000,25000,25000
2,204,3148158,25000,25000,25000,25000,25000,25000
2,205,3148216,25000,25000,25000,25000,25000,25000
2,206,3148282,25000,25000,25000,25000,25000,25000
2,207,3148341,25000,25000,25000,25000,25000,25000
2,208,3158792,25000,25000,25000,25000,25000,25000
2,209,3158850,25000,25000,25000,25000,25000,25000
2,210,3158909,25000,25000,25000,25000,25000,25000
2,211,3158967,25000,25000,25000,25000,25000,25000
2,212,3159025,25000,25000,25000,25000,25000,25000
2,213,3169501,25000,25000,25000,25000,25000,25000
2,214,3169560,25000,25000,25000,25000,25000,25000
2,215,3169618,25000,25000,25000,25000,25000,25000
2,216,3169676,25000,25000,25000,25000,25000,25000
2,217,3169735,25000,25000,25000,25000,25000,25000
2,218,3180257,25000,25000,25000,25000,25000,25000
2,219,3180323,25000,25000,25000,25000,25000,25000
2,220,3180381,25000,25000,25000,25000,25000,25000
2,221,3180440,25000,25000,25000,25000,25000,25000
2,222,3190904,25000,25000,25000,25000,25000,25000
2,223,3190962,25000,25000,25000,25000,25000,25000
2,224,3191021,25000,25000,25000,25000,25000,25000
2,225,3191079,25000,25000,25000,25000,25000,25000
2,226,3191137,25000,25000,25000,25000,25000,25000
2,227,3201609,25000,25000,25000,25000,25000,25000
2,228,3201667,25000,25000,25000,25000,25000,25000
2,229,3201725,25000,25000,25000,25000,25000,25000
2,230,3201786,25000,25000,25000,25000,25000,25000
2,231,3201845,25000,25000,25000,25000,25000,25000
2,232,3212374,25000,25000,25000,25000,25000,25000
2,233,3212432,25000,25000,25000,25000,25000,25000
2,234,3212491,25000,25000,25000,25000,25000,25000
2,235,3212549,25000,25000,25000,25000,25000,25000
2,236,3223021,25000,25000,25000,25000,25000,25000
2,237,3223079,25000,25000,25000,25000,25000,25000
2,238,3223137,25000,25000,25000,25000,25000,25000
2,239,3223196,25000,25000,25000,25000,25000,25000
2,240,3223254,25000,25000,25000,25000,25000,25000
2,241,3233710,25000,25000,25000,25000,25000,25000
2,242,3233768,25000,25000,25000,25000,25000,25000
2,243,3233829,25000,25000,25000,25000,25000,25000
2,244,3233887,25000,25000,25000,25000,25000,25000
2,245,3233945,25000,25000,25000,25000,25000,25000
2,246,3244405,25000,25000,25000,25000,25000,25000
2,247,3244464,25000,25000,25000,25000,25000,25000
2,248,3244522,25000,25000,25000,25000,25000,25000
2,249,3244580,25000,25000,25000,25000,25000,25000
2,250,3255046,25000,25000,25000,25000,25000,25000
2,251,3255105,25000,25000,25000,25000,25000,25000
2,252,3255163,25000,25000,25000,25000,25000,25000
2,253,3255222,25000,25000,25000,25000,25000,25000
2,254,3255288,25000,25000,25000,25000,25000,25000
2,255,3265738,25000,25000,25000,25000,25000,25000
3,0,2678109,25000,25000,25000,25000,25000,25000
3,1,2678168,25000,25000,25000,25000,25000,25000
3,2,2688639,25000,25000,25000,25000,25000,25000
3,3,2688697,25000,25000,25000,25000,25000,25000
3,4,2688756,25000,25000,25000,25000,25000,25000
3,5,2688815,25000,25000,25000,25000,25000,25000
3,6,2688874,25000,25000,25000,25000,25000,25000
3,7,2699405,25000,25000,25000,25000,25000,25000
3,8,2699463,25000,25000,25000,25000,25000,25000
3,9,2699522,25000,25000,25000,25000,25000,25000
3,10,2699580,25000,25000,25000,25000,25000,25000
3,11,2710049,25000,25000,25000,25000,25000,25000
3,12,2710107,25000,25000,25000,25000,25000,25000
3,13,2710166,25000,25000,25000,25000,25000,25000
3,14,2710224,25000,25000,25000,25000,25000,25000
3,15,2710291,25000,25000,25000,25000,25000,25000
3,16,2720741,25000,25000,25000,25000,25000,25000
3,17,2720800,25000,25000,25000,25000,25000,25000
3,18,2720858,25000,25000,25000,25000,25000,25000
3,19,2720917,25000,25000,25000,25000,25000,25000
3,20,2720975,25000,25000,25000,25000,25000,25000
3,21,2731436,25000,25000,25000,25000,25000,25000
3,22,2731494,25000,25000,25000,25000,25000,25000
3,23,2731553,25000,25000,25000,25000,25000,25000
3,24,2731611,25000,25000,25000,25000,25000,25000
3,25,2742077,25000,25000,25000,25000,25000,25000
3,26,2742135,25000,25000,25000,25000,25000,25000
3,27,2742194,25000,25000,25000,25000,25000,25000
3,28,2742252,25000,25000,25000,25000,25000,25000
3,29,2742319,25000,25000,25000,25000,25000,25000
3,30,2752769,25000,25000,25000,25000,25000,25000
3,31,2752829,25000,25000,25000,25000,25000,25000
3,32,2752887,25000,25000,25000,25000,25000,25000
3,33,2752945,25000,25000,25000,25000,25000,25000
3,34,2753004,25000,25000,25000,25000,25000,25000
3,35,2763458,25000,25000,25000,25000,25000,25000
3,36,2763517,25000,25000,25000,25000,25000,25000
3,37,2763575,25000,25000,25000,25000,25000,25000
3,38,2763633,25000,25000,25000,25000,25000,25000
3,39,2774092,25000,25000,25000,25000,25000,25000
3,40,2774150,25000,25000,25000,25000,25000,25000
3,41,2774208,25000,25000,25000,25000,25000,25000
3,42,2774267,25000,25000,25000,25000,25000,25000
3,43,2774333,25000,25000,25000,25000,25000,25000
3,44,2784783,25000,25000,25000,25000,25000,25000
3,45,2784842,25000,25000,25000,25000,25000,25000
3,46,2784900,25000,25000,25000,25000,25000,25000
3,47,2784958,25000,25000,25000,25000,25000,25000
3,48,2785017,25000,25000,25000,25000,25000,25000
3,49,2795488,25000,25000,25000,25000,25000,25000
3,50,2795547,25000,25000,25000,25000,25000,25000
3,51,2795605,25000,25000,25000,25000,25000,25000
3,52,2795663,25000,25000,25000,25000,25000,25000
3,53,2806120,25000,25000,25000,25000,25000,25000
3,54,2806178,25000,25000,25000,25000,25000,25000
3,55,2806236,25000,25000,25000,25000,25000,25000
3,56,2806303,25000,25000,25000,25000,25000,25000
3,57,2806361,25000,25000,25000,25000,25000,25000
3,58,2816813,25000,25000,25000,25000,25000,25000
3,59,2816871,25000,25000,25000,25000,25000,25000
3,60,2816930,25000,25000,25000,25000,25000,25000
3,61,2816988,25000,25000,25000,25000,25000,25000
3,62,2817046,25000,25000,25000,25000,25000,25000
3,63,2827522,25000,25000,25000,25000,25000,25000
3,64,2827581,25000,25000,25000,25000,25000,25000
3,65,2827639,25000,25000,25000,25000,25000,25000
3,66,2827697,25000,25000,25000,25000,25000,25000
3,67,2827756,25000,25000,25000,25000,25000,25000
3,68,2838285,25000,25000,25000,25000,25000,25000
3,69,2838344,25000,25000,25000,25000,25000,25000
3,70,2838402,25000,25000,25000,25000,25000,25000
3,71,2838460,25000,25000,25000,25000,25000,25000
3,72,2848924,25000,25000,25000,25000,25000,25000
3,73,2848983,25000,25000,25000,25000,25000,25000
3,74,2849041,25000,25000,25000,25000,25000,25000
3,75,2849099,25000,25000,25000,25000,25000,25000
3,76,2849158,25000,25000,25000,25000,25000,25000
3,77,2859629,25000,25000,25000,25000,25000,25000
3,78,2859687,25000,25000,25000,25000,25000,25000
3,79,2859746,25000,25000,25000,25000,25000,25000
3,80,2859806,25000,25000,25000,25000,25000,25000
3,81,2859865,25000,25000,25000,25000,25000,25000
3,82,2870395,25000,25000,25000,25000,25000,25000
3,83,2870453,25000,25000,25000,25000,25000,25000
3,84,2870511,25000,25000,25000,25000,25000,25000
3,85,2870570,25000,25000,25000,25000,25000,25000
3,86,2881039,25000,25000,25000,25000,25000,25000
3,87,2881097,25000,25000,25000,25000,25000,25000
3,88,2881156,25000,25000,25000,25000,25000,25000
3,89,2881214,25000,25000,25000,25000,25000,25000
3,90,2881272,25000,25000,25000,25000,25000,25000
3,91,2891730,25000,25000,25000,25000,25000,25000
3,92,2891789,25000,25000,25000,25000,25000,25000
3,93,2891847,25000,25000,25000,25000,25000,25000
3,94,2891906,25000,25000,25000,25000,25000,25000
3,95,2891964,25000,25000,25000,25000,25000,25000
3,96,2902426,25000,25000,25000,25000,25000,25000
3,97,2902484,25000,25000,25000,25000,25000,25000
3,98,2902542,25000,25000,25000,25000,25000,25000
3,99,2902601,25000,25000,25000,25000,25000,25000
3,100,2913067,25000,25000,25000,25000,25000,25000
3,101,2913125,25000,25000,25000,25000,25000,25000
3,102,2913184,25000,25000,25000,25000,25000,25000
3,103,2913242,25000,25000,25000,25000,25000,25000
3,104,2913308,25000,25000,25000,25000,25000,25000
3,105,2923758,25000,25000,25000,25000,25000,25000
3,106,2923817,25000,25000,25000,25000,25000,25000
3,107,2923876,25000,25000,25000,25000,25000,25000
3,108,2923934,25000,25000,25000,25000,25000,25000
3,109,2923992,25000,25000,25000,25000,25000,25000
3,110,2934448,25000,25000,25000,25000,25000,25000
3,111,2934507,25000,25000,25000,25000,25000,25000
3,112,2934565,25000,25000,25000,25000,25000,25000
3,113,2934623,25000,25000,25000,25000,25000,25000
3,114,2945081,25000,25000,25000,25000,25000,25000
3,115,2945140,25000,25000,25000,25000,25000,25000
3,116,2945198,25000,25000,25000,25000,25000,25000
3,117,2945256,25000,25000,25000,25000,25000,25000
3,118,2945323,25000,25000,25000,25000,25000,25000
3,119,2955771,25000,25000,25000,25000,25000,25000
3,120,2955830,25000,25000,25000,25000,25000,25000
3,121,2955888,25000,25000,25000,25000,25000,25000
3,122,2955947,25000,25000,25000,25000,25000,25000
3,123,2956005,25000,25000,25000,25000,25000,25000
3,124,2966478,25000,25000,25000,25000,25000,25000
3,125,2966536,25000,25000,25000,25000,25000,25000
3,126,2966595,25000,25000,25000,25000,25000,25000
3,127,2966653,25000,25000,25000,25000,25000,25000
3,128,2977109,25000,25000,25000,25000,25000,25000
3,129,2977168,25000,25000,25000,25000,25000,25000
3,130,2977226,25000,25000,25000,25000,25000,25000
3,131,2977293,25000,25000,25000,25000,25000,25000
3,132,2977351,25000,25000,25000,25000,25000,25000
3,133,2987799,25000,25000,25000,25000,25000,25000
3,134,2987858,25000,25000,25000,25000,25000,25000
3,135,2987916,25000,25000,25000,25000,25000,25000
3,136,2987975,25000,25000,25000,25000,25000,25000
3,137,2988033,25000,25000,25000,25000,25000,25000
3,138,2998512,25000,25000,25000,25000,25000,25000
3,139,2998570,25000,25000,25000,25000,25000,25000
3,140,2998629,25000,25000,25000,25000,25000,25000
3,141,2998687,25000,25000,25000,25000,25000,25000
3,142,2998746,25000,25000,25000,25000,25000,25000
3,143,3009267,25000,25000,25000,25000,25000,25000
3,144,3009334,25000,25000,25000,25000,25000,25000
3,145,3009392,25000,25000,25000,25000,25000,25000
3,146,3009450,25000,25000,25000,25000,25000,25000
3,147,3019914,25000,25000,25000,25000,25000,25000
3,148,3019973,25000,25000,25000,25000,25000,25000
3,149,3020031,25000,25000,25000,25000,25000,25000
3,150,3020089,25000,25000,25000,25000,25000,25000
3,151,3020148,25000,25000,25000,25000,25000,25000
3,152,3030619,25000,25000,25000,25000,25000,25000
3,153,3030677,25000,25000,25000,25000,25000,25000
3,154,3030735,25000,25000,25000,25000,25000,25000
3,155,3030795,25000,25000,25000,25000,25000,25000
3,156,3030854,25000,25000,25000,25000,25000,25000
3,157,3041384,25000,25000,25000,25000,25000,25000
3,158,3041443,25000,25000,25000,25000,25000,25000
3,159,3041501,25000,25000,25000,25000,25000,25000
3,160,3041559,25000,25000,25000,25000,25000,25000
3,161,3052029,25000,25000,25000,25000,25000,25000
3,162,3052087,25000,25000,25000,25000,25000,25000
3,163,3052146,25000,25000,25000,25000,25000,25000
3,164,3052204,25000,25000,25000,25000,25000,25000
3,165,3052262,25000,25000,25000,25000,25000,25000
3,166,3062720,25000,25000,25000,25000,25000,25000
3,167,3062779,25000,25000,25000,25000,25000,25000
3,168,3062838,25000,25000,25000,25000,25000,25000
3,169,3062896,25000,25000,25000,25000,25000,25000
3,170,3062954,25000,25000,25000,25000,25000,25000
3,171,3073418,25000,25000,25000,25000,25000,25000
3,172,3073476,25000,25000,25000,25000,25000,25000
3,173,3073535,25000,25000,25000,25000,25000,25000
3,174,3073593,25000,25000,25000,25000,25000,25000
3,175,3084057,25000,25000,25000,25000,25000,25000
3,176,3084115,25000,25000,25000,25000,25000,25000
3,177,3084173,25000,25000,25000,25000,25000,25000
3,178,3084232,25000,25000,25000,25000,25000,25000
3,179,3084298,25000,25000,25000,25000,25000,25000
3,180,3094748,25000,25000,25000,25000,25000,25000
3,181,3094808,25000,25000,25000,25000,25000,25000
3,182,3094867,25000,25000,25000,25000,25000,25000
3,183,3094925,25000,25000,25000,25000,25000,25000
3,184,3094984,25000,25000,25000,25000,25000,25000
3,185,3105446,25000,25000,25000,25000,25000,25000
3,186,3105504,25000,25000,25000,25000,25000,25000
3,187,3105562,25000,25000,25000,25000,25000,25000
3,188,3105621,25000,25000,25000,25000,25000,25000
3,189,3116071,25000,25000,25000,25000,25000,25000
3,190,3116130,25000,25000,25000,25000,25000,25000
3,191,3116188,25000,25000,25000,25000,25000,25000
3,192,3116246,25000,25000,25000,25000,25000,25000
3,193,3116313,25000,25000,25000,25000,25000,25000
3,194,3126761,25000,25000,25000,25000,25000,25000
3,195,3126822,25000,25000,25000,25000,25000,25000
3,196,3126880,25000,25000,25000,25000,25000,25000
3,197,3126938,25000,25000,25000,25000,25000,25000
3,198,3126997,25000,25000,25000,25000,25000,25000
3,199,3137467,25000,25000,25000,25000,25000,25000
3,200,3137526,25000,25000,25000,25000,25000,25000
3,201,3137584,25000,25000,25000,25000,25000,25000
3,202,3137642,25000,25000,25000,25000,25000,25000
3,203,3148099,25000,25000,25000,25000,25000,25000
3,204,3148158,25000,25000,25000,25000,25000,25000
3,205,3148216,25000,25000,25000,25000,25000,25000
3,206,3148282,25000,25000,25000,25000,25000,25000
3,207,3148341,25000,25000,25000,25000,25000,25000
3,208,3158792,25000,25000,25000,25000,25000,25000
3,209,3158850,25000,25000,25000,25000,25000,25000
3,210,3158909,25000,25000,25000,25000,25000,25000
3,211,3158967,25000,25000,25000,25000,25000,25000
3,212,3159025,25000,25000,25000,25000,25000,25000
3,213,3169501,25000,25000,25000,25000,25000,25000
3,214,3169560,25000,25000,25000,25000,25000,25000
3,215,3169618,25000,25000,25000,25000,25000,25000
3,216,3169676,25000,25000,25000,25000,25000,25000
3,217,3169735,25000,25000,25000,25000,25000,25000
3,218,3180257,25000,25000,25000,25000,25000,25000
3,219,3180323,25000,25000,25000,25000,25000,25000
3,220,3180381,25000,25000,25000,25000,25000,25000
3,221,3180440,25000,25000,25000,25000,25000,25000
3,222,3190904,25000,25000,25000,25000,25000,25000
3,223,3190962,25000,25000,25000,25000,25000,25000
3,224,3191021,25000,25000,25000,25000,25000,25000
3,225,3191079,25000,25000,25000,25000,25000,25000
3,226,3191137,25000,25000,25000,25000,25000,25000
3,227,3201609,25000,25000,25000,25000,25000,25000
3,228,3201667,25000,25000,25000,25000,25000,25000
3,229,3201725,25000,25000,25000,25000,25000,25000
3,230,3201786,25000,25000,25000,25000,25000,25000
3,231,3201845,25000,25000,25000,25000,25000,25000
3,232,3212374,25000,25000,25000,25000,25000,25000
3,233,3212432,25000,25000,25000,25000,25000,25000
3,234,3212491,25000,25000,25000,25000,25000,25000
3,235,3212549,25000,25000,25000,25000,25000,25000
3,236,3223021,25000,25000,25000,25000,25000,25000
3,237,3223079,25000,25000,25000,25000,25000,25000
3,238,3223137,25000,25000,25000,25000,25000,25000
3,239,3223196,25000,25000,25000,25000,25000,25000
3,240,3223254,25000,25000,25000,25000,25000,25000
3,241,3233710,25000,25000,25000,25000,25000,25000
3,242,3233768,25000,25000,25000,25000,25000,25000
3,243,3233829,25000,25000,25000,25000,25000,25000
3,244,3233887,25000,25000,25000,25000,25000,25000
3,245,3233945,25000,25000,25000,25000,25000,25000
3,246,3244405,25000,25000,25000,25000,25000,25000
3,247,3244464,25000,25000,25000,25000,25000,25000
3,248,3244522,25000,25000,25000,25000,25000,25000
3,249,3244580,25000,25000,25000,25000,25000,25000
3,250,3255046,25000,25000,25000,25000,25000,25000
3,251,3255105,25000,25000,25000,25000,25000,25000
3,252,3255163,25000,25000,25000,25000,25000,25000
3,253,3255222,25000,25000,25000,25000,25000,25000
3,254,3255288,25000,25000,25000,25000,25000,25000
3,255,3265738,25000,25000,25000,25000,25000,25000
4,0,3862468,25000,25000,25000,25000,25000,25000
4,1,3862527,25000,25000,25000,25000,25000,25000
4,2,3872990,25000,25000,25000,25000,25000,25000
4,3,3873049,25000,25000,25000,25000,25000,25000
4,4,3873107,25000,25000,25000,25000,25000,25000
4,5,3873165,25000,25000,25000,25000,25000,25000
4,6,3873224,25000,25000,25000,25000,25000,25000
4,7,3883753,25000,25000,25000,25000,25000,25000
4,8,3883813,25000,25000,25000,25000,25000,25000
4,9,3883872,25000,25000,25000,25000,25000,25000
4,10,3883930,25000,25000,25000,25000,25000,25000
4,11,3894405,25000,25000,25000,25000,25000,25000
4,12,3894464,25000,25000,25000,25000,25000,25000
4,13,3894522,25000,25000,25000,25000,25000,25000
4,14,3894580,25000,25000,25000,25000,25000,25000
4,15,3894639,25000,25000,25000,25000,25000,25000
4,16,3905105,25000,25000,25000,25000,25000,25000
4,17,3905163,25000,25000,25000,25000,25000,25000
4,18,3905221,25000,25000,25000,25000,25000,25000
4,19,3905288,25000,25000,25000,25000,25000,25000
4,20,3905346,25000,25000,25000,25000,25000,25000
4,21,3915868,25000,25000,25000,25000,25000,25000
4,22,3915927,25000,25000,25000,25000,25000,25000
4,23,3915985,25000,25000,25000,25000,25000,25000
4,24,3916043,25000,25000,25000,25000,25000,25000
4,25,3926523,25000,25000,25000,25000,25000,25000
4,26,3926581,25000,25000,25000,25000,25000,25000
4,27,3926639,25000,25000,25000,25000,25000,25000
4,28,3926698,25000,25000,25000,25000,25000,25000
4,29,3926756,25000,25000,25000,25000,25000,25000
4,30,3937206,25000,25000,25000,25000,25000,25000
4,31,3937265,25000,25000,25000,25000,25000,25000
4,32,3937331,25000,25000,25000,25000,25000,25000
4,33,3937389,25000,25000,25000,25000,25000,25000
4,34,3937448,25000,25000,25000,25000,25000,25000
4,35,3947896,25000,25000,25000,25000,25000,25000
4,36,3947954,25000,25000,25000,25000,25000,25000
4,37,3948013,25000,25000,25000,25000,25000,25000
4,38,3948071,25000,25000,25000,25000,25000,25000
4,39,3958543,25000,25000,25000,25000,25000,25000
4,40,3958601,25000,25000,25000,25000,25000,25000
4,41,3958659,25000,25000,25000,25000,25000,25000
4,42,3958718,25000,25000,25000,25000,25000,25000
4,43,3958776,25000,25000,25000,25000,25000,25000
4,44,3969234,25000,25000,25000,25000,25000,25000
4,45,3969300,25000,25000,25000,25000,25000,25000
4,46,3969359,25000,25000,25000,25000,25000,25000
4,47,3969417,25000,25000,25000,25000,25000,25000
4,48,3969476,25000,25000,25000,25000,25000,25000
4,49,3979924,25000,25000,25000,25000,25000,25000
4,50,3979983,25000,25000,25000,25000,25000,25000
4,51,3980041,25000,25000,25000,25000,25000,25000
4,52,3980099,25000,25000,25000,25000,25000,25000
4,53,3990557,25000,25000,25000,25000,25000,25000
4,54,3990616,25000,25000,25000,25000,25000,25000
4,55,3990674,25000,25000,25000,25000,25000,25000
4,56,3990732,25000,25000,25000,25000,25000,25000
4,57,3990793,25000,25000,25000,25000,25000,25000
4,58,4001247,25000,25000,25000,25000,25000,25000
4,59,4001313,25000,25000,25000,25000,25000,25000
4,60,4001372,25000,25000,25000,25000,25000,25000
4,61,4001430,25000,25000,25000,25000,25000,25000
4,62,4001488,25000,25000,25000,25000,25000,25000
4,63,4011952,25000,25000,25000,25000,25000,25000
4,64,4012010,25000,25000,25000,25000,25000,25000
4,65,4012069,25000,25000,25000,25000,25000,25000
4,66,4012127,25000,25000,25000,25000,25000,25000
4,67,4022585,25000,25000,25000,25000,25000,25000
4,68,4022644,25000,25000,25000,25000,25000,25000
4,69,4022702,25000,25000,25000,25000,25000,25000
4,70,4022760,25000,25000,25000,25000,25000,25000
4,71,4022822,25000,25000,25000,25000,25000,25000
4,72,4033283,25000,25000,25000,25000,25000,25000
4,73,4033341,25000,25000,25000,25000,25000,25000
4,74,4033400,25000,25000,25000,25000,25000,25000
4,75,4033458,25000,25000,25000,25000,25000,25000
4,76,4033516,25000,25000,25000,25000,25000,25000
4,77,4043980,25000,25000,25000,25000,25000,25000
4,78,4044038,25000,25000,25000,25000,25000,25000
4,79,4044097,25000,25000,25000,25000,25000,25000
4,80,4044155,25000,25000,25000,25000,25000,25000
4,81,4044214,25000,25000,25000,25000,25000,25000
4,82,4054743,25000,25000,25000,25000,25000,25000
4,83,4054802,25000,25000,25000,25000,25000,25000
4,84,4054860,25000,25000,25000,25000,25000,25000
4,85,4054919,25000,25000,25000,25000,25000,25000
4,86,4065395,25000,25000,25000,25000,25000,25000
4,87,4065453,25000,25000,25000,25000,25000,25000
4,88,4065511,25000,25000,25000,25000,25000,25000
4,89,4065570,25000,25000,25000,25000,25000,25000
4,90,4065628,25000,25000,25000,25000,25000,25000
4,91,4076095,25000,25000,25000,25000,25000,25000
4,92,4076153,25000,25000,25000,25000,25000,25000
4,93,4076211,25000,25000,25000,25000,25000,25000
4,94,4076270,25000,25000,25000,25000,25000,25000
4,95,4076336,25000,25000,25000,25000,25000,25000
4,96,4086858,25000,25000,25000,25000,25000,25000
4,97,4086916,25000,25000,25000,25000,25000,25000
4,98,4086975,25000,25000,25000,25000,25000,25000
4,99,4087033,25000,25000,25000,25000,25000,25000
4,100,4097513,25000,25000,25000,25000,25000,25000
4,101,4097571,25000,25000,25000,25000,25000,25000
4,102,4097629,25000,25000,25000,25000,25000,25000
4,103,4097688,25000,25000,25000,25000,25000,25000
4,104,4097746,25000,25000,25000,25000,25000,25000
4,105,4108196,25000,25000,25000,25000,25000,25000
4,106,4108255,25000,25000,25000,25000,25000,25000
4,107,4108321,25000,25000,25000,25000,25000,25000
4,108,4108379,25000,25000,25000,25000,25000,25000
4,109,4108438,25000,25000,25000,25000,25000,25000
4,110,4118886,25000,25000,25000,25000,25000,25000
4,111,4118944,25000,25000,25000,25000,25000,25000
4,112,4119003,25000,25000,25000,25000,25000,25000
4,113,4119061,25000,25000,25000,25000,25000,25000
4,114,4129536,25000,25000,25000,25000,25000,25000
4,115,4129595,25000,25000,25000,25000,25000,25000
4,116,4129653,25000,25000,25000,25000,25000,25000
4,117,4129711,25000,25000,25000,25000,25000,25000
4,118,4129770,25000,25000,25000,25000,25000,25000
4,119,4140224,25000,25000,25000,25000,25000,25000
4,120,4140291,25000,25000,25000,25000,25000,25000
4,121,4140349,25000,25000,25000,25000,25000,25000
4,122,4140407,25000,25000,25000,25000,25000,25000
4,123,4140466,25000,25000,25000,25000,25000,25000
4,124,4150914,25000,25000,25000,25000,25000,25000
4,125,4150972,25000,25000,25000,25000,25000,25000
4,126,4151031,25000,25000,25000,25000,25000,25000
4,127,4151089,25000,25000,25000,25000,25000,25000
4,128,4161547,25000,25000,25000,25000,25000,25000
4,129,4161605,25000,25000,25000,25000,25000,25000
4,130,4161664,25000,25000,25000,25000,25000,25000
4,131,4161722,25000,25000,25000,25000,25000,25000
4,132,4161784,25000,25000,25000,25000,25000,25000
4,133,4172237,25000,25000,25000,25000,25000,25000
4,134,4172303,25000,25000,25000,25000,25000,25000
4,135,4172362,25000,25000,25000,25000,25000,25000
4,136,4172420,25000,25000,25000,25000,25000,25000
4,137,4172479,25000,25000,25000,25000,25000,25000
4,138,4182942,25000,25000,25000,25000,25000,25000
4,139,4183000,25000,25000,25000,25000,25000,25000
4,140,4183059,25000,25000,25000,25000,25000,25000
4,141,4183117,25000,25000,25000,25000,25000,25000
4,142,4193575,25000,25000,25000,25000,25000,25000
4,143,4193633,25000,25000,25000,25000,25000,25000
4,144,4193692,25000,25000,25000,25000,25000,25000
4,145,4193750,25000,25000,25000,25000,25000,25000
4,146,4193809,25000,25000,25000,25000,25000,25000
4,147,4204265,25000,25000,25000,25000,25000,25000
4,148,4204331,25000,25000,25000,25000,25000,25000
4,149,4204389,25000,25000,25000,25000,25000,25000
4,150,4204448,25000,25000,25000,25000,25000,25000
4,151,4204506,25000,25000,25000,25000,25000,25000
4,152,4214970,25000,25000,25000,25000,25000,25000
4,153,4215028,25000,25000,25000,25000,25000,25000
4,154,4215087,25000,25000,25000,25000,25000,25000
4,155,4215145,25000,25000,25000,25000,25000,25000
4,156,4215204,25000,25000,25000,25000,25000,25000
4,157,4225733,25000,25000,25000,25000,25000,25000
4,158,4225795,25000,25000,25000,25000,25000,25000
4,159,4225853,25000,25000,25000,25000,25000,25000
4,160,4225911,25000,25000,25000,25000,25000,25000
4,161,4236384,25000,25000,25000,25000,25000,25000
4,162,4236443,25000,25000,25000,25000,25000,25000
4,163,4236501,25000,25000,25000,25000,25000,25000
4,164,4236560,25000,25000,25000,25000,25000,25000
4,165,4236618,25000,25000,25000,25000,25000,25000
4,166,4247084,25000,25000,25000,25000,25000,25000
4,167,4247143,25000,25000,25000,25000,25000,25000
4,168,4247201,25000,25000,25000,25000,25000,25000
4,169,4247260,25000,25000,25000,25000,25000,25000
4,170,4247326,25000,25000,25000,25000,25000,25000
4,171,4257848,25000,25000,25000,25000,25000,25000
4,172,4257906,25000,25000,25000,25000,25000,25000
4,173,4257965,25000,25000,25000,25000,25000,25000
4,174,4258023,25000,25000,25000,25000,25000,25000
4,175,4268502,25000,25000,25000,25000,25000,25000
4,176,4268561,25000,25000,25000,25000,25000,25000
4,177,4268619,25000,25000,25000,25000,25000,25000
4,178,4268678,25000,25000,25000,25000,25000,25000
4,179,4268736,25000,25000,25000,25000,25000,25000
4,180,4279186,25000,25000,25000,25000,25000,25000
4,181,4279244,25000,25000,25000,25000,25000,25000
4,182,4279310,25000,25000,25000,25000,25000,25000
4,183,4279369,25000,25000,25000,25000,25000,25000
4,184,4279427,25000,25000,25000,25000,25000,25000
4,185,4289876,25000,25000,25000,25000,25000,25000
4,186,4289934,25000,25000,25000,25000,25000,25000
4,187,4289993,25000,25000,25000,25000,25000,25000
4,188,4290051,25000,25000,25000,25000,25000,25000
4,189,4300530,25000,25000,25000,25000,25000,25000
4,190,4300588,25000,25000,25000,25000,25000,25000
4,191,4300647,25000,25000,25000,25000,25000,25000
4,192,4300705,25000,25000,25000,25000,25000,25000
4,193,4300763,25000,25000,25000,25000,25000,25000
4,194,4311214,25000,25000,25000,25000,25000,25000
4,195,4311272,25000,25000,25000,25000,25000,25000
4,196,4311338,25000,25000,25000,25000,25000,25000
4,197,4311397,25000,25000,25000,25000,25000,25000
4,198,4311455,25000,25000,25000,25000,25000,25000
4,199,4321904,25000,25000,25000,25000,25000,25000
4,200,4321962,25000,25000,25000,25000,25000,25000
4,201,4322020,25000,25000,25000,25000,25000,25000
4,202,4322079,25000,25000,25000,25000,25000,25000
4,203,4332537,25000,25000,25000,25000,25000,25000
4,204,4332595,25000,25000,25000,25000,25000,25000
4,205,4332654,25000,25000,25000,25000,25000,25000
4,206,4332712,25000,25000,25000,25000,25000,25000
4,207,4332770,25000,25000,25000,25000,25000,25000
4,208,4343227,25000,25000,25000,25000,25000,25000
4,209,4343293,25000,25000,25000,25000,25000,25000
4,210,4343351,25000,25000,25000,25000,25000,25000
4,211,4343410,25000,25000,25000,25000,25000,25000
4,212,4343468,25000,25000,25000,25000,25000,25000
4,213,4353932,25000,25000,25000,25000,25000,25000
4,214,4353990,25000,25000,25000,25000,25000,25000
4,215,4354048,25000,25000,25000,25000,25000,25000
4,216,4354107,25000,25000,25000,25000,25000,25000
4,217,4364565,25000,25000,25000,25000,25000,25000
4,218,4364623,25000,25000,25000,25000,25000,25000
4,219,4364682,25000,25000,25000,25000,25000,25000
4,220,4364740,25000,25000,25000,25000,25000,25000
4,221,4364800,25000,25000,25000,25000,25000,25000
4,222,4375255,25000,25000,25000,25000,25000,25000
4,223,4375321,25000,25000,25000,25000,25000,25000
4,224,4375380,25000,25000,25000,25000,25000,25000
4,225,4375438,25000,25000,25000,25000,25000,25000
4,226,4375496,25000,25000,25000,25000,25000,25000
4,227,4385960,25000,25000,25000,25000,25000,25000
4,228,4386018,25000,25000,25000,25000,25000,25000
4,229,4386077,25000,25000,25000,25000,25000,25000
4,230,4386135,25000,25000,25000,25000,25000,25000
4,231,4386193,25000,25000,25000,25000,25000,25000
4,232,4396723,25000,25000,25000,25000,25000,25000
4,233,4396785,25000,25000,25000,25000,25000,25000
4,234,4396843,25000,25000,25000,25000,25000,25000
4,235,4396901,25000,25000,25000,25000,25000,25000
4,236,4407374,25000,25000,25000,25000,25000,25000
4,237,4407432,25000,25000,25000,25000,25000,25000
4,238,4407491,25000,25000,25000,25000,25000,25000
4,239,4407549,25000,25000,25000,25000,25000,25000
4,240,4407607,25000,25000,25000,25000,25000,25000
4,241,4418074,25000,25000,25000,25000,25000,25000
4,242,4418133,25000,25000,25000,25000,25000,25000
4,243,4418191,25000,25000,25000,25000,25000,25000
4,244,4418249,25000,25000,25000,25000,25000,25000
4,245,4418316,25000,25000,25000,25000,25000,25000
4,246,4428839,25000,25000,25000,25000,25000,25000
4,247,4428898,25000,25000,25000,25000,25000,25000
4,248,4428956,25000,25000,25000,25000,25000,25000
4,249,4429014,25000,25000,25000,25000,25000,25000
4,250,4439488,25000,25000,25000,25000,25000,25000
4,251,4439547,25000,25000,25000,25000,25000,25000
4,252,4439605,25000,25000,25000,25000,25000,25000
4,253,4439663,25000,25000,25000,25000,25000,25000
4,254,4439722,25000,25000,25000,25000,25000,25000
4,255,4450176,25000,25000,25000,25000,25000,25000
